{"cameraMode":{"drawMode":0,"name":"Shaded","section":"Shading Mode"},"sceneLighting":true,"audioPlay":false,"sceneViewState":{"showFog":true,"showMaterialUpdate":false,"showSkybox":true,"showFlares":true,"showImageEffects":true,"showParticleSystems":true},"in2DMode":false,"pivot":{"x":0.024266891181468965,"y":-0.043653734028339389,"z":-0.03196108341217041},"rotation":{"x":0.2837374806404114,"y":0.06495888531208039,"z":-0.019410986453294755,"w":0.9567450881004334},"size":84.90687561035156,"orthographic":false}